ID,ФИО,Email,Телефон,Дата регистрации,Примечания
1,Киселев Любомир Адамович,киселевл@mail.ru,+79876143194,2024-09-26,Работает по предоплате
2,Фокин Гостомысл Ильясович,фгостомысл@mail.ru,+79546146554,2025-02-05,
3,Суворова Прасковья Натановна,спрасковья@rambler.ru,+79622329677,2025-02-01,Бывший сотрудник
4,Боброва Иванна Федоровна,боброва_иванна@rambler.ru,+79718604611,2024-09-11,Корпоративный заказчик
5,Стрелкова Анна Леонидовна,стрелкова_анна@yandex.ru,+79886286685,2025-09-20,VIP клиент
6,Гуляева Ксения Ефимовна,гксения@mail.ru,+79267423768,2024-05-25,Оптовый покупатель
7,Антонов Болеслав Ааронович,аболеслав@mail.ru,+79167587172,2025-02-07,
8,Костин Климент Арсенович,костин_климент@yandex.ru,+79216450969,2025-06-14,
9,Ларионов Евстафий Яковлевич,ларионов_евстафий@hotmail.com,+79396447096,2025-02-24,Постоянный клиент
10,Беляков Елисей Игнатьевич,беляков_елисей80@gmail.com,+79954522837,2025-11-18,Корпоративный заказчик
11,Абрамов Григорий Ерофеевич,абрамов_григорий@mail.ru,+79935642237,2025-11-04,Часто звонит с вопросами
12,Миронов Болеслав Елизарович,миронов.болеслав@hotmail.com,+79258917105,2025-08-01,Иногородний клиент
13,Белоусов Борис Ефимович,бборис@yandex.ru,+79899137644,2024-06-18,Участвовал в акции
14,Зыков Всемил Ефимьевич,зыковв@yandex.ru,+79803291078,2025-04-04,Частное лицо
15,Панфилова Иванна Кирилловна,панфилова.иванна@mail.ru,+79035929138,2025-07-06,VIP клиент
16,Голубева Людмила Юрьевна,голубева_людмила@gmail.com,+79031246846,2024-12-01,Оптовый покупатель
17,Исаева Алла Павловна,исаеваа@rambler.ru,+79284636880,2025-05-21,Любит получать подарки
18,Громов Касьян Евстигнеевич,громов.касьян@mail.ru,+79857562177,2024-07-30,Участвовал в акции
19,Смирнова Ираида Петровна,смирнова_ираида@gmail.com,+79713252944,2025-03-19,Оптовый покупатель
20,Иванов Аверкий Елизарович,иванова@rambler.ru,+79615520230,2024-01-13,
21,Кузнецова Элеонора Викторовна,кузнецова_элеонора@mail.ru,+79371489569,2025-06-04,Новый клиент
22,Лаврентьев Ярополк Богданович,лаврентьев_ярополк36@gmail.com,+79576597122,2024-03-30,
23,Панова Лариса Константиновна,пановал@mail.ru,+79789621665,2025-02-15,Предпочитает email-рассылку
24,Новикова Анжела Оскаровна,новиковаа@gmail.com,+79013765420,2024-10-13,Новый клиент
25,Блохина Марфа Захаровна,блохина_марфа12@yandex.ru,+79958460232,2025-05-11,Иногородний клиент
26,Сазонова Милица Вениаминовна,смилица@hotmail.com,+79723872764,2024-06-10,Участвует в бонусной программе
27,Никитин Федосий Тимурович,никитин.федосий@yandex.ru,+79892697865,2024-04-28,
28,Белозеров Никита Трифонович,белозеровн@hotmail.com,+79644477244,2024-11-28,Местный житель
29,Мамонтов Ростислав Германович,мамонтов.ростислав@yandex.ru,+79869250047,2025-10-07,Участвовал в акции
30,Зимина Ольга Никифоровна,зимина_ольга68@mail.ru,+79371720046,2025-02-24,Иногородний клиент
31,Игнатова Светлана Григорьевна,игнатова_светлана@rambler.ru,+79622481863,2024-06-22,Бывший сотрудник
32,Казакова Полина Кирилловна,казаковап@gmail.com,+79911995087,2024-08-29,Постоянный клиент
33,Белозерова Лора Тимофеевна,белозерова_лора7@gmail.com,+79328607491,2025-02-09,Рекомендован партнером
34,Маслова Василиса Болеславовна,масловав@rambler.ru,+79221989068,2025-03-05,Бывший сотрудник
35,Турова Зоя Геннадьевна,турова_зоя@hotmail.com,+79919508504,2025-11-09,Отсрочка платежа 14 дней
36,Шилова Татьяна Викторовна,шилова_татьяна71@mail.ru,+79601463060,2023-12-08,Отсрочка платежа 14 дней
37,Коновалов Аполлинарий Федосьевич,коновалов.аполлинарий@gmail.com,+79167055388,2024-11-06,
38,Владимиров Родион Харлампович,владимиров.родион@mail.ru,+79598168795,2025-02-13,Родственник руководства
39,Фролов Ермил Викторович,фролов.ермил@rambler.ru,+79039616186,2025-10-28,Рекомендован партнером
40,Шубин Азарий Аверьянович,шубина@rambler.ru,+79753401613,2025-07-15,
41,Титова Зинаида Юльевна,титоваз@rambler.ru,+79884634863,2025-10-31,Требует особого подхода
42,Юдина Анжелика Ефимовна,юдина_анжелика15@yandex.ru,+79927642088,2024-04-08,Новый клиент
43,Павлов Корнил Аксёнович,пкорнил@rambler.ru,+79292038717,2025-02-24,Участвовал в акции
44,Семенова Зинаида Николаевна,семенова.зинаида@yandex.ru,+79241713491,2025-08-02,Отсрочка платежа 14 дней
45,Киселева Наталья Михайловна,киселеван@gmail.com,+79636087880,2025-04-25,Постоянный клиент
46,Иванов Прохор Ануфриевич,ипрохор@rambler.ru,+79231544192,2024-04-05,Предпочитает email-рассылку
47,Пахомов Амос Глебович,пахомов_амос@rambler.ru,+79574260408,2023-12-10,Новый клиент
48,Орлов Максимильян Гавриилович,орлов_максимильян6@yandex.ru,+79967369601,2025-08-06,
49,Соколов Владислав Венедиктович,соколовв@yandex.ru,+79928247946,2025-11-09,
50,Власов Мартьян Валерьянович,власов_мартьян@yandex.ru,+79562824951,2025-10-19,Оптовый покупатель
51,Фомичева Агата Вадимовна,фагата@hotmail.com,+79985735959,2024-12-23,
52,Дорофеев Болеслав Юльевич,дорофеев.болеслав@yandex.ru,+79725710490,2024-06-20,Бывший сотрудник
53,Тимофеев Сократ Харлампьевич,тимофеев_сократ@mail.ru,+79505077290,2024-03-27,Работает по предоплате
54,Белоусова Полина Георгиевна,белоусова_полина@hotmail.com,+79216598546,2024-02-21,
55,Шашков Галактион Владиславович,шашков.галактион@gmail.com,+79846954832,2024-02-24,Требует особого подхода
56,Рожкова Алевтина Харитоновна,рожкова_алевтина@gmail.com,+79337411146,2025-10-15,Рекомендован партнером
57,Шестаков Федосий Чеславович,шестаков_федосий57@yandex.ru,+79816466469,2024-11-01,Рекомендован партнером
58,Зайцев Порфирий Эдгарович,зпорфирий@rambler.ru,+79058829724,2025-02-23,Работает по предоплате
59,Осипова Маргарита Анатольевна,омаргарита@gmail.com,+79198931785,2024-06-09,Требует особого подхода
60,Панфилов Авксентий Антонович,панфилов_авксентий@hotmail.com,+79227099683,2025-09-20,Корпоративный заказчик
61,Шашкова Варвара Наумовна,шашкова_варвара16@yandex.ru,+79946710885,2023-12-22,Лояльный клиент
62,Трофимова Ульяна Кирилловна,трофимова_ульяна16@yandex.ru,+79743014618,2025-01-20,
63,Гордеев Антонин Адрианович,гантонин@gmail.com,+79848604314,2024-12-19,Родственник руководства
64,Емельянов Кузьма Ануфриевич,емельянов_кузьма@yandex.ru,+79207847441,2024-04-06,
65,Филатов Аркадий Денисович,фаркадий@rambler.ru,+79243382783,2024-03-10,Участвовал в акции
66,Носков Георгий Валерианович,носков_георгий72@mail.ru,+79204433841,2025-01-10,VIP клиент
67,Шаров Георгий Григорьевич,шгеоргий@mail.ru,+79032414282,2024-08-31,Родственник руководства
68,Богданова Тамара Руслановна,богданова_тамара23@yandex.ru,+79516520682,2024-11-14,Требует особого подхода
69,Агафонова Агафья Владиславовна,агафонова.агафья@gmail.com,+79867605244,2025-11-12,Работает по предоплате
70,Дроздова Татьяна Ильинична,дтатьяна@rambler.ru,+79656533336,2025-03-30,Иногородний клиент
71,Костин Серафим Устинович,костин_серафим@mail.ru,+79386243908,2024-08-23,Родственник руководства
72,Логинов Фортунат Жоресович,логинов_фортунат31@rambler.ru,+79972023480,2025-04-25,
73,Тарасова Пелагея Георгиевна,тарасова_пелагея90@rambler.ru,+79035592500,2024-12-11,
74,Попова Ульяна Феликсовна,попова.ульяна@rambler.ru,+79351601097,2025-03-28,Участвует в бонусной программе
75,Захарова Зоя Степановна,захарова_зоя33@mail.ru,+79693358618,2025-08-12,Бывший сотрудник
76,Чернова Лариса Петровна,чернова_лариса45@rambler.ru,+79914633414,2025-04-28,Участвовал в акции
77,Беляков Викторин Власович,беляков_викторин43@hotmail.com,+79321065383,2025-04-22,Постоянный клиент
78,Кириллов Милен Владленович,кмилен@yandex.ru,+79252072212,2025-05-29,Предпочитает email-рассылку
79,Кабанов Симон Игнатьевич,кабановс@yandex.ru,+79591668154,2024-12-27,Отсрочка платежа 14 дней
80,Кузьмина Татьяна Оскаровна,ктатьяна@mail.ru,+79216099235,2025-03-21,Требует особого подхода
81,Калашникова Кира Георгиевна,калашниковак@yandex.ru,+79359772259,2025-09-02,Постоянный клиент
82,Назаров Азарий Валерьянович,назаров_азарий28@yandex.ru,+79151305460,2024-09-19,Иногородний клиент
83,Исаков Алексей Теймуразович,исаков_алексей64@hotmail.com,+79531686356,2025-09-17,Частное лицо
84,Фомичева Евфросиния Тимуровна,фомичева_евфросиния19@gmail.com,+79399768381,2025-09-01,Новый клиент
85,Попов Никифор Ефстафьевич,пникифор@hotmail.com,+79751160795,2025-02-25,Новый клиент
86,Блинов Аркадий Харитонович,блинов_аркадий@gmail.com,+79846262119,2024-04-11,VIP клиент
87,Михеева Эмилия Тимофеевна,михеева_эмилия@rambler.ru,+79733656646,2024-06-23,Любит получать подарки
88,Семенов Симон Харлампьевич,семеновс@mail.ru,+79571496692,2024-01-01,Предпочитает email-рассылку
89,Игнатьев Карп Гавриилович,игнатьевк@mail.ru,+79601623742,2025-01-04,Иногородний клиент
90,Тетерина Пелагея Борисовна,тетерина_пелагея6@hotmail.com,+79731533482,2025-06-05,Бывший сотрудник
91,Зиновьев Григорий Аксёнович,зиновьев_григорий77@mail.ru,+79068005158,2025-10-08,Корпоративный заказчик
92,Белозерова Иванна Евгеньевна,белозерова_иванна81@rambler.ru,+79384125550,2024-03-11,Лояльный клиент
93,Зиновьева Наина Федоровна,знаина@gmail.com,+79357839083,2025-09-27,Предпочитает email-рассылку
94,Логинова Кира Макаровна,логинова_кира@mail.ru,+79037786313,2024-09-12,
95,Котова Ольга Ильинична,котова_ольга@rambler.ru,+79399325571,2024-11-04,Требует особого подхода
96,Тетерин Изот Владленович,тизот@yandex.ru,+79393237351,2025-11-01,Постоянный клиент
97,Стрелкова Глафира Вадимовна,стрелкова.глафира@gmail.com,+79543079371,2024-09-20,
98,Брагин Харлампий Адамович,брагин_харлампий80@rambler.ru,+79913703226,2024-12-31,Корпоративный заказчик
99,Селезнев Ефрем Харлампович,селезнев.ефрем@mail.ru,+79736339473,2025-06-05,Предпочитает email-рассылку
100,Федорова Дарья Рудольфовна,федорова_дарья26@yandex.ru,+79362064458,2024-03-29,